<?xml version="1.0" encoding="UTF-8"?>
<project-private xmlns="http://www.netbeans.org/ns/project-private/1">
    <editor-bookmarks xmlns="http://www.netbeans.org/ns/editor-bookmarks/2" lastBookmarkId="0"/>
    <open-files xmlns="http://www.netbeans.org/ns/projectui-open-files/2">
        <group>
            <file>file:/D:/DOWNLOAD/source%20code/java/PendaftaranMahasiswa/src/pendaftaranmahasiswa/MataKuliah.java</file>
            <file>file:/D:/DOWNLOAD/source%20code/java/PendaftaranMahasiswa/src/pendaftaranmahasiswa/PendaftaranMahasiswa.java</file>
            <file>file:/D:/DOWNLOAD/source%20code/java/PendaftaranMahasiswa/src/pendaftaranmahasiswa/Dosen.java</file>
            <file>file:/D:/DOWNLOAD/source%20code/java/PendaftaranMahasiswa/src/pendaftaranmahasiswa/Kelas.java</file>
            <file>file:/D:/DOWNLOAD/source%20code/java/PendaftaranMahasiswa/src/pendaftaranmahasiswa/User.java</file>
            <file>file:/D:/DOWNLOAD/source%20code/java/PendaftaranMahasiswa/src/pendaftaranmahasiswa/Mahasiswa.java</file>
        </group>
    </open-files>
</project-private>
